Article Title,Article Link,Category,Page Number
Saving More than Kenneth Bae: US foreign policy in North Korea,/2014/02/25/saving-more-than-kenneth-bae-us-foreign-policy-in-north-korea/,Opinions,1
De Blasio Promises Best Plan for Universal Pre-K,/2014/02/24/de-blasio-promises-best-plan-for-universal-pre-k/,Opinions,1
Google it?,/2013/12/17/google-it/,Opinions,1
Shutdown 2013: Acts of Self-Interest,/2013/11/18/shutdown-2013-self-interest/,Opinions,2
A Big Stuff Moment,/2013/11/13/a-big-stuff-moment/,Opinions,2
Dear Mr. Putin: Can I call you Vlad?,/2013/10/22/dear-mr-putin-can-i-call-you-vlad/,Opinions,2
What Happens to a Dream Deferred?,/2013/10/22/a-dream-deferred/,Opinions,3
Wail to the Chief,/2013/10/22/wail-to-the-chief/,Opinions,3
Politically Incorrect Maroon Confessions,/2013/08/05/politically-incorrect-maroon-confessions/,Opinions,3
Why we Should Care a Woman Led the Greatest Manhunt in History,/2013/07/20/a-woman-led-the-greatest-manhunt-in-history-why-should-we-care/,Opinions,4
UCPU Debate: Corporate Greed,/2014/03/28/ucpu-debate-corporate-greed/,Column: UCPU,1
UCPU Debate: Humanitarian Intervention,/2014/02/12/ucpu-debate-humanitarian-intervention/,Column: UCPU,1
Coming Soon: UChicago Political Union,/2014/01/21/coming-soon-uchicago-political-union/,Column: UCPU,1
State Reps Attack Illinois State Charter School Commission,/2014/05/14/state-reps-attack-illinois-state-charter-school-commission/,Chicago,1
A Chicagoan Reviews Chicagoland  Episode 8,/2014/05/11/a-chicagoan-reviews-chicagoland-episode-8/,Chicago,1
Senators Mark Kirk and Dick Durbin: A rare bipartisan bromance?,/2014/05/04/senators-mark-kirk-and-dick-durbin-a-rare-bipartisan-bromance/,Chicago,1
A Chicagoan Reviews Chicagoland  Episode 7,/2014/05/01/a-chicagoan-reviews-chicagoland-episode-7/,Chicago,2
Cracks in the Basin  Part 4: Epilogue: Literally divided now,/2014/04/19/epilogue/,Chicago,2
A Chicagoan Reviews Chicagoland  Episode 6,/2014/04/19/a-chicagoan-reviews-chicagoland-episode-6/,Chicago,2
Riding with Strangers: Regulating ride-sharing in Chicago and Illinois,/2014/04/14/riding-with-strangers-regulating-ride-sharing-in-chicago-and-illinois/,Chicago,3
A Chicagoan Reviews Chicagoland  Episode 5,/2014/04/07/a-chicagoan-reviews-chicagoland-episode-5/,Chicago,3
A Chicagoan Reviews Chicagoland  Episode 4,/2014/04/06/a-chicagoan-reviews-chicagoland-episode-4/,Chicago,3
A Chicagoan Reviews Chicagoland  Episode 3,/2014/03/29/a-chicagoan-reviews-chicagoland-episode-3/,Chicago,4
A Chicagoan Reviews Chicagoland  Episode 2,/2014/03/25/a-chicagoan-reviews-chicagoland-episode-2/,Chicago,4
A Chicagoan Reviews Chicagoland  Episode 1,/2014/03/19/a-chigoan-reviews-chicagoland-episode-1/,Chicago,4
GOP Forum: Rauners opponents on the offensive,/2014/03/10/gop-forum/,Chicago,5
Mayor Emanuel Gets Schooled,/2014/02/10/mayor-emanuel-gets-schooled/,Chicago,5
State of the State: Governor Quinn unofficially kicks off his campaign,/2014/02/06/illinois-state-of-the-state-governor-quinn-unofficially-kicks-off-his-campaign/,Chicago,5
Cracks in the Basin  Part 3: The Whole County is Fracked,/2014/02/06/cracks-in-the-basin-part-3-the-whole-county-is-fracked/,Chicago,6
"Cracks in the Basin  Part 2: Big Greens, Little Greens, and a Fractured Opposition",/2014/01/24/cracks-in-the-basin-part-2-big-greens-little-greens-and-a-fractured-opposition/,Chicago,6
Cracks in the Basin  Part 1: Illinois: A National Model?,/2014/01/16/cracks-in-the-basin-part-1-illinois-a-national-model/,Chicago,6
Illinois Without Career Politicians?,/2013/11/25/illinois-without-career-politicians/,Chicago,7
Officials Review Response to 2008 Crisis,/2013/11/22/officials-review-response-to-2008-crisis/,Chicago,7
Proposed Bike Registration Sparks Generational Divide,/2013/11/20/proposed-bike-tax-chicago/,Chicago,7
Republicans Moving in on Illinois Gubernatorial Race,/2013/10/29/republicans-illinois-gubernatorial-race/,Chicago,8
Bike Sharing Expands In the Windy City,/2013/06/20/bike-sharing-expands-in-the-windy-city/,Chicago,8
Chiraq: An unbalanced portrayal of drill music,/2014/02/28/chiraq-an-unbalanced-portrayal-of-drill-music/,Arts & Culture,1
Pop Culture Podcast: Episode 1,/2014/02/24/pop-culture-podcast-episode-1/,Arts & Culture,1
The Flame of Love in Catching Fire,/2014/01/27/the-flame-of-love-in-catching-fire/,Arts & Culture,1
Instagram Featuring Dictators,/2013/12/06/instagram-featuring-dictators/,Arts & Culture,2
Crossing Blurred Lines: Did Robin Thicke plagiarize his hit single?,/2013/11/26/thick-blurred-lines-plagiarism/,Arts & Culture,2
Years in the Making: Is Hollywood ready to talk seriously about slavery?,/2013/11/22/years-in-the-making-is-hollywood-finally-ready-to-talk-seriously-about-slavery/,Arts & Culture,2
The Captain Has the Con: Fact and Fiction in Captain Phillips,/2013/11/14/the-captain-has-the-con-fact-and-fiction-in-captain-phillips/,Arts & Culture,3
Objects in Space: The Gravity of Hollywoods Portrayal of Science,/2013/10/29/gravity-movie-and-science/,Arts & Culture,3
"Move Over, Press Secretary: Pols play with Instagram",/2013/10/22/russian-pols-instagram/,Arts & Culture,3
Review: Alpha House,/2013/06/12/review-alpha-house/,Arts & Culture,4
Kasim Reed: Atlantas Decisive Leader,/2014/05/16/kasim-reed-atlantas-decisive-leader/,Interviews,1
Ana Navarro: A Republican on the rise,/2014/04/15/ana-navarro-rising-republican-adviser-weighs-in-on-women-hispanics-and-the-gop/,Interviews,1
In the Minority: An Interview with Reps Kelly (R-NY) and Davis (D-TN),/2014/02/19/in-the-minority-an-interview-with-representatives-kelly-r-ny-and-davis-d-tn/,Interviews,1
Tommy Vietor: Bridging the gap between the public and the classified,/2014/01/24/tommy-vietor-bridging-the-gap-between-the-public-and-the-classified/,Interviews,2
Jon Favreau: The voice behind a generational voice,/2013/12/01/jon-favreau-the-voice-behind-a-generational-voice/,Interviews,2
Claire McCaskill: A leading voice on both sides of the aisle,/2013/11/21/claire-mccaskill-a-leading-voice-on-both-sides-of-the-aisle/,Interviews,2
Mark Leibovich: A conscious eye on a self-conscious city,/2013/11/06/mark-leibovich-a-conscious-eye-on-a-self-conscious-city/,Interviews,3
John McCain: A statesman fit for compromise,/2013/11/01/john-mccain-a-statesman-fit-for-compromise/,Interviews,3
Ed Gillespie: A discussion with a Republican strategist,/2013/10/30/interview-with-ed-gillespie/,Interviews,3
George Packer: Defending the Ordinary,/2013/10/15/interview-george-packer/,Interviews,4
Chinese Companies on US Exchanges: Is this time different?,/2014/05/15/chinese-companies-on-us-exchanges-is-this-time-different/,US,1
Incentivizing Education: Performance-based compensation for teachers,/2014/04/29/incentivizing-education-performance-based-compensation-for-teachers/,US,1
Deportations and their Role in Immigration Policy,/2014/04/27/deportations-and-their-role-in-immigration-policy/,US,1
New CEOs Controversial Resignation From Mozilla Corporation,/2014/04/21/new-ceos-controversial-resignation-from-mozilla-corporation/,US,2
De Blasios Education Promises,/2014/04/07/de-blasios-education-promises/,US,2
Mandatory Minimums: Cooperation on reform?,/2014/04/06/mandatory-minimums-cooperation-on-reform/,US,2
Where are the Pragmatists? Cantors foreign policy and the Republican response,/2014/03/17/where-are-the-pragmatists-cantors-foreign-policy-and-the-republican-response/,US,3
Vergara v. California v. Students?,/2014/03/04/vergara-v-california-v-students/,US,3
Shelby County v. Holder: A setback for liberal voting rights activists,/2014/02/28/shelby-county-v-holder-a-setback-for-liberal-voting-rights-activists/,US,3
House Republicans Take Vine: Social media and political discourse,/2014/02/25/house-republicans-take-vine-social-media-and-political-discourse/,US,4
De Blasio Promises Best Plan for Universal Pre-K,/2014/02/24/de-blasio-promises-best-plan-for-universal-pre-k/,US,4
State of the Union Review,/2014/02/07/state-of-the-union-review/,US,4
The Year After the Year of the MOOC,/2014/01/28/years-after-mooc/,US,5
Six Blind Reformers and an Elephant,/2013/12/17/six-blind-reformers-and-an-elephant/,US,5
"The Old, the Young, and the Inter-generational Transfer of Wealth",/2013/12/13/the-old-the-young-and-the-inter-generational-transfer-of-wealth/,US,5
Race to Mars,/2013/12/10/race-to-mars/,US,6
J.P. Morgan Pays $13 Billion in Fines: Is it enough?,/2013/12/03/jp-morgan-fines/,US,6
"Raise Scores, Then Wages",/2013/11/21/raise-scores-then-wages/,US,6
Feinstein Stands by the NSA,/2013/11/18/feinstein-stands-by-the-nsa/,US,7
The True Meaning of the Shutstorm,/2013/11/13/the-true-meaning-of-the-shutstorm/,US,7
Wendy Davis and the Battle for Texas,/2013/10/31/wendy-davis-texas/,US,7
Democrat Shutdown Strategy,/2013/10/18/democratic-strategy-during-and-after-the-shutdown/,US,8
A Way Out of the Debt Ceiling Debacle,/2013/10/16/debt-ceiling-debacle/,US,8
Inside the Debate on Healthcare,/2013/09/30/inside-the-debate-on-healthcare/,US,8
Fracking in California,/2013/07/20/fracking-in-california/,US,9
The Aftermath of an Avalanche,/2014/05/11/1204/,World,1
Childs Play: The curious problem with Pakistans judicial system,/2014/04/28/childs-play-the-curious-problem-with-pakistans-judicial-system/,World,1
Protests in Venezuela: Why now?,/2014/03/18/protests-in-venezuela/,World,1
Vandalizing the Diary of Anne Frank: Shift of sentiment or colossal coincidence?,/2014/03/17/vandalizing-the-diary-of-anne-frank-shift-of-sentiment-or-colossal-coincidence/,World,2
Fighting Words,/2014/03/17/fighting-words/,World,2
In Putins Shoes,/2014/03/10/in-putins-shoes/,World,2
Crisis in Turkey: Arrests reveal the dark sides of former allies,/2014/03/05/crisis-in-turkey-arrests-reveal-the-dark-sides-of-former-allies/,World,3
"Private Lives, Public Figures: The politics of Frances First Lady",/2014/02/18/private-lives-public-figures-the-politics-of-frances-first-lady/,World,3
China Invests in Africa,/2014/02/13/china-invests-in-africa/,World,3
Taking Safety into Their Own Hands,/2014/02/01/taking-safety-into-their-own-hands/,World,4
Anti-Gay Law in Nigeria,/2014/01/31/anti-gay-law-in-nigeria/,World,4
Panda Diplomacy,/2014/01/31/panda-diplomacy/,World,4
Rohingya Refugees: Trapped between Arakan and a hard place,/2013/12/20/rohingya-refugees-trapped-between-arakan-and-a-hard-place/,World,5
"France, Israel, and the Future of Iranian Nuclear Talks",/2013/12/15/france-israel-and-the-future-of-iranian-nuclear-talks/,World,5
Race to Mars,/2013/12/10/race-to-mars/,World,5
Who Are The Indian Mujahideen?,/2013/12/05/who-are-the-indian-mujahideen/,World,6
"Turkey: One Step Forward, Two Steps Back",/2013/12/04/turkey-one-step-forward-two-steps-back/,World,6
Nazi-looted Art Finally Uncovered,/2013/11/29/nazi-looted-art-finally-uncovered/,World,6
Violence Continues in Egypt,/2013/11/29/violence-continues-in-egypt/,World,7
Suriname and Hezbollah,/2013/11/28/suriname-and-hezbollah/,World,7
Damage-Control Diplomacy: Kerrys Visit to Saudi Arabia,/2013/11/21/damage-control-diplomacy-kerrys-visit-to-saudi-arabia/,World,7
Election Violence in the Philippines,/2013/11/20/election-violence-in-the-philippines/,World,8
Superfood to the Rescue?,/2013/11/15/superfood-to-the-rescue/,World,8
Malaysian Court Rules Against Minorities Right to Use Allah,/2013/11/15/malaysian-court-minorities-allah/,World,8
Syria and Sectarianism: Spillover Violence in Lebanon,/2013/11/14/syria-and-sectarianism-spillover-violence-in-lebanon/,World,9
Interview with Farah Al Haddad,/2013/11/12/farah-al-haddad-interview/,World,9
From Bread Lines to the Front Lines,/2013/11/05/bread-lines-to-front-lines/,World,9
Migrants Marooned: The Italian immigration crisis deepens,/2013/11/05/migrants-marooned-italian-immigration-crisis/,World,10
Is Le Pen Mightier?,/2013/10/30/is-le-pen-mightier/,World,10
Magnitsky: The perils of whistle-blowing in Russia,/2013/10/28/magnitsky-russia/,World,10
Outside the Bubble: How foreign media covered the shutdown,/2013/10/22/foreign-media-on-us-shutdown/,World,11
Turkey: Reforms of self-interest,/2013/10/22/turkey-reforms-of-self-interest/,World,11
Vladimir Zhirinovsky: A Profile,/2013/07/15/vladimir-zhirinovsky-a-profile-in-outrage/,World,11
From Palestine to Syria to Palestine again: generations of strife for Palestinian refugees,/2013/07/01/palestinian-refugee-strife/,World,12
Kerry Pushes for Peace,/2013/06/24/kerrys-push-for-peace/,World,12
The Serengeti Sell-Off,/2013/06/22/the-serengeti-sell-off/,World,12
A System In Rags,/2013/06/17/a-system-in-rags/,World,13
To Build a Future,/2014/05/12/to-build-a-future/,Column: Rxeform,1
Closing the Gap,/2014/04/21/closing-the-gap/,Column: Rxeform,1
Two Twenty Four,/2014/04/07/two-twenty-four/,Column: Rxeform,1
Fixing the Big Ms,/2014/03/10/fixing-the-big-ms/,Column: Rxeform,2
Health Beyond Medicine,/2014/02/24/health-beyond-medicine/,Column: Rxeform,2
Why Insurance?: Part 3  Cost of Care,/2014/02/10/why-insurance-part-3-cost-of-care/,Column: Rxeform,2
Why Insurance?: Part 2  Access,/2014/01/27/why-insurance-part-2-access/,Column: Rxeform,3
Why Insurance?: Part 1  Health,/2014/01/13/why-insurance-part-1-health/,Column: Rxeform,3
The Unconquered,/2013/12/02/the-unconquered/,Column: Rxeform,3
Healthcare Reform: Today and Tomorrow,/2013/11/19/healthcare-reform-today-and-tomorrow/,Column: Rxeform,4
Introducing: Rxeform,/2013/10/27/introducing-rxeform/,Column: Rxeform,4
Tackling Affirmative Action: SCOTUS examines Michigans ban,/2014/05/14/tackling-affirmative-action-scotus-examines-michigans-ban/,Column: Supreme Court Spotlight,1
A New ACA Case: SCOTUS takes on question of religious liberties,/2014/04/21/a-new-aca-case-scotus-takes-on-question-of-religious-liberties/,Column: Supreme Court Spotlight,1
How Will History Remember It?: Legacy of the 2012-2013 Supreme Court term,/2014/04/04/legacy-of-the-2012-2013-supreme-court/,Column: Supreme Court Spotlight,1
Preview: Supreme Court 2013-2014 Term,/2014/02/28/preview-supreme-court-2013-2014-term/,Column: Supreme Court Spotlight,2
Recess Appointments: Did Obama go too far?,/2014/01/30/recess-appointments-did-obama-go-too-far/,Column: Supreme Court Spotlight,2
Utah Strikes Back: The next stages in the battle for same-sex marriage,/2014/01/24/utah-strikes-back-the-next-stages-in-the-battle-for-same-sex-marriage/,Column: Supreme Court Spotlight,2
Introducing: Supreme Court Spotlight,/2014/01/22/introducing-supreme-court-spotlight-2/,Column: Supreme Court Spotlight,3
Perspectives,/2014/04/13/1109/,Column: Cartoons,1
Putin and Obama Take on Sochi,/2014/03/09/putin-and-obama-take-on-sochi/,Column: Cartoons,1
No Mans Land,/2014/04/25/no-mans-land/,Column: Shatter Zones,1
Border Diplomacy: Why Afghanistan Supports a Russian Crimea,/2014/04/07/border-diplomacy-why-afghanistan-supports-a-russian-crimea/,Column: Shatter Zones,1
"So Long, and Thanks for All the Fish: Understanding the ICJ ruling on the Chile-Peru border dispute",/2014/02/06/so-long-and-thanks-for-all-the-fish-understanding-the-icj-ruling-on-the-chile-peru-border-dispute/,Column: Shatter Zones,1
Demarcating Chinas Imaginary Valleys,/2013/11/28/demarcating-chinas-imaginary-valleys/,Column: Shatter Zones,2
Patrolling the Worlds Most Complicated Frontier,/2013/11/10/patrolling-the-worlds-most-complicated-frontier/,Column: Shatter Zones,2
Introducing: Shatter Zones,/2013/10/27/introducing_shatterzones/,Column: Shatter Zones,2
